Country,WHOREGION,FLUREGION,Year,Week,SDATE,EDATE,SPEC_RECEIVED_NB,SPEC_PROCESSED_NB,AH1,AH1N12009,AH3,AH5,ANOTSUBTYPED,INF_A,BYAMAGATA,BVICTORIA,BNOTDETERMINED,INF_B,ALL_INF,ALL_INF2,TITLE
Luxembourg,European Region of WHO,South West Europe,2009,1,12/29/2008,1/4/2009,,11,,,,,4,4,,,,,4,,Regional Outbreak
Luxembourg,European Region of WHO,South West Europe,2009,2,1/5/2009,1/11/2009,,28,,,,,15,15,,,,,15,,Widespread Outbreak
Luxembourg,European Region of WHO,South West Europe,2009,3,1/12/2009,1/18/2009,,92,,,,,58,58,,,,,58,,No Report
Luxembourg,European Region of WHO,South West Europe,2009,4,1/19/2009,1/25/2009,,,,,,,,,,,,,,,No Report
Luxembourg,European Region of WHO,South West Europe,2009,5,1/26/2009,2/1/2009,,,,,,,,,,,,,,,No Report
Luxembourg,European Region of WHO,South West Europe,2009,6,2/2/2009,2/8/2009,,,,,,,,,,,,,,,No Report
Luxembourg,European Region of WHO,South West Europe,2009,7,2/9/2009,2/15/2009,,,,,,,,,,,,,,,No Report
Luxembourg,European Region of WHO,South West Europe,2009,8,2/16/2009,2/22/2009,,,,,,,,,,,,,,,No Report
Luxembourg,European Region of WHO,South West Europe,2009,9,2/23/2009,3/1/2009,,,,,,,,,,,,,,,No Report
Luxembourg,European Region of WHO,South West Europe,2009,10,3/2/2009,3/8/2009,,,,,,,,,,,,,,,No Report
Luxembourg,European Region of WHO,South West Europe,2009,11,3/9/2009,3/15/2009,,,,,,,,,,,,,,,No Report
Luxembourg,European Region of WHO,South West Europe,2009,12,3/16/2009,3/22/2009,,,,,,,,,,,,,,,No Report
Luxembourg,European Region of WHO,South West Europe,2009,13,3/23/2009,3/29/2009,,,,,,,,,,,,,,,No Report
Luxembourg,European Region of WHO,South West Europe,2009,14,3/30/2009,4/5/2009,,,,,,,,,,,,,,,No Report
Luxembourg,European Region of WHO,South West Europe,2009,15,4/6/2009,4/12/2009,,,,,,,,,,,,,,,No Report
Luxembourg,European Region of WHO,South West Europe,2009,16,4/13/2009,4/19/2009,,7,0,0,0,,0,0,,,2,2,2,,Sporadic
Luxembourg,European Region of WHO,South West Europe,2009,17,4/20/2009,4/26/2009,,1,0,0,0,,0,0,,,0,0,0,,Sporadic
Luxembourg,European Region of WHO,South West Europe,2009,18,4/27/2009,5/3/2009,,10,0,0,0,,0,0,,,1,1,1,,No Activity
Luxembourg,European Region of WHO,South West Europe,2009,19,5/4/2009,5/10/2009,,18,0,0,3,,0,3,,,0,0,3,,Sporadic
Luxembourg,European Region of WHO,South West Europe,2009,20,5/11/2009,5/17/2009,,7,0,0,2,,0,2,,,0,0,2,,Sporadic
Luxembourg,European Region of WHO,South West Europe,2009,21,5/18/2009,5/24/2009,,3,0,0,0,,0,0,,,0,0,0,,No Activity
Luxembourg,European Region of WHO,South West Europe,2009,22,5/25/2009,5/31/2009,,1,0,0,0,,0,0,,,0,0,0,,No Activity
Luxembourg,European Region of WHO,South West Europe,2009,23,6/1/2009,6/7/2009,,11,0,0,0,,0,0,,,0,0,0,,Sporadic
Luxembourg,European Region of WHO,South West Europe,2009,24,6/8/2009,6/14/2009,,9,0,0,0,,0,0,0,0,0,0,0,,No Activity
Luxembourg,European Region of WHO,South West Europe,2009,25,6/15/2009,6/21/2009,,18,0,0,0,,0,0,0,0,0,0,0,,Sporadic
Luxembourg,European Region of WHO,South West Europe,2009,26,6/22/2009,6/28/2009,,44,0,1,0,,0,1,0,0,0,0,1,,Sporadic
Luxembourg,European Region of WHO,South West Europe,2009,27,6/29/2009,7/5/2009,,35,0,2,0,,0,2,,,0,0,2,,Sporadic
Luxembourg,European Region of WHO,South West Europe,2009,28,7/6/2009,7/12/2009,,82,0,8,0,,0,8,0,0,1,1,9,,Sporadic
Luxembourg,European Region of WHO,South West Europe,2009,29,7/13/2009,7/19/2009,,158,0,15,0,,0,15,0,0,0,0,15,,Sporadic
Luxembourg,European Region of WHO,South West Europe,2009,30,7/20/2009,7/26/2009,,154,0,16,0,,0,16,0,0,0,0,16,,Sporadic
Luxembourg,European Region of WHO,South West Europe,2009,31,7/27/2009,8/2/2009,,141,0,14,0,,0,14,0,0,0,0,14,,Local Outbreak
Luxembourg,European Region of WHO,South West Europe,2009,32,8/3/2009,8/9/2009,,158,0,25,0,,0,25,0,0,0,0,25,,Local Outbreak
Luxembourg,European Region of WHO,South West Europe,2009,33,8/10/2009,8/16/2009,,151,0,17,0,,0,17,0,0,0,0,17,,Local Outbreak
Luxembourg,European Region of WHO,South West Europe,2009,34,8/17/2009,8/23/2009,,111,0,7,0,,0,7,0,0,0,0,7,,Sporadic
Luxembourg,European Region of WHO,South West Europe,2009,35,8/24/2009,8/30/2009,,137,0,13,0,,0,13,0,0,0,0,13,,Sporadic
Luxembourg,European Region of WHO,South West Europe,2009,36,8/31/2009,9/6/2009,,136,0,27,0,,0,27,0,0,0,0,27,,Sporadic
Luxembourg,European Region of WHO,South West Europe,2009,37,9/7/2009,9/13/2009,,160,0,18,0,,0,18,0,0,0,0,18,,Local Outbreak
Luxembourg,European Region of WHO,South West Europe,2009,38,9/14/2009,9/20/2009,,262,0,43,0,,0,43,0,0,0,0,43,,Sporadic
Luxembourg,European Region of WHO,South West Europe,2009,39,9/21/2009,9/27/2009,,367,0,72,0,,0,72,0,0,0,0,72,,Widespread Outbreak
Luxembourg,European Region of WHO,South West Europe,2009,40,9/28/2009,10/4/2009,,420,0,75,0,,0,75,0,0,0,0,75,,Widespread Outbreak
Luxembourg,European Region of WHO,South West Europe,2009,41,10/5/2009,10/11/2009,,449,0,96,0,,0,96,0,0,0,0,96,,Widespread Outbreak
Luxembourg,European Region of WHO,South West Europe,2009,42,10/12/2009,10/18/2009,,305,0,83,0,,0,83,0,0,0,0,83,,Widespread Outbreak
Luxembourg,European Region of WHO,South West Europe,2009,43,10/19/2009,10/25/2009,,305,0,50,0,,0,50,0,0,0,0,50,,Widespread Outbreak
Luxembourg,European Region of WHO,South West Europe,2009,44,10/26/2009,11/1/2009,,452,0,185,0,,0,185,0,0,0,0,185,,Widespread Outbreak
Luxembourg,European Region of WHO,South West Europe,2009,45,11/2/2009,11/8/2009,,274,0,112,0,,0,112,0,0,0,0,112,,Widespread Outbreak
Luxembourg,European Region of WHO,South West Europe,2009,46,11/9/2009,11/15/2009,,238,0,60,0,,0,60,0,0,0,0,60,,Widespread Outbreak
Luxembourg,European Region of WHO,South West Europe,2009,47,11/16/2009,11/22/2009,,240,0,78,0,,0,78,0,0,0,0,78,,Widespread Outbreak
Luxembourg,European Region of WHO,South West Europe,2009,48,11/23/2009,11/29/2009,,225,0,64,0,,0,64,0,0,0,0,64,,Widespread Outbreak
Luxembourg,European Region of WHO,South West Europe,2009,49,11/30/2009,12/6/2009,,198,0,45,0,,0,45,0,0,1,1,46,,Widespread Outbreak
Luxembourg,European Region of WHO,South West Europe,2009,50,12/7/2009,12/13/2009,,,,,,,,,,,,,,,No Report
Luxembourg,European Region of WHO,South West Europe,2009,51,12/14/2009,12/20/2009,,135,0,36,0,,0,36,0,0,1,1,37,,Widespread Outbreak
Luxembourg,European Region of WHO,South West Europe,2009,52,12/21/2009,12/27/2009,,58,0,18,0,,0,18,0,0,0,0,18,,Regional Outbreak
Luxembourg,European Region of WHO,South West Europe,2009,53,12/28/2009,1/3/2010,,,,,,,,,,,,,,,No Report
Luxembourg,European Region of WHO,South West Europe,2010,1,1/4/2010,1/10/2010,,60,0,12,0,,0,12,0,0,0,0,12,,Sporadic
Luxembourg,European Region of WHO,South West Europe,2010,2,1/11/2010,1/17/2010,,,,,,,,,,,,,,,No Report
Luxembourg,European Region of WHO,South West Europe,2010,3,1/18/2010,1/24/2010,,,,,,,,,,,,,,,No Report
Luxembourg,European Region of WHO,South West Europe,2010,4,1/25/2010,1/31/2010,,,,,,,,,,,,,,,No Report
Luxembourg,European Region of WHO,South West Europe,2010,5,2/1/2010,2/7/2010,,,,,,,,,,,,,,,No Report
Luxembourg,European Region of WHO,South West Europe,2010,6,2/8/2010,2/14/2010,,,,,,,,,,,,,,,No Report
Luxembourg,European Region of WHO,South West Europe,2010,7,2/15/2010,2/21/2010,,,,,,,,,,,,,,,No Report
Luxembourg,European Region of WHO,South West Europe,2010,8,2/22/2010,2/28/2010,,,,,,,,,,,,,,,No Report
Luxembourg,European Region of WHO,South West Europe,2010,9,3/1/2010,3/7/2010,,23,0,0,0,,0,0,0,0,0,0,0,,No Activity
Luxembourg,European Region of WHO,South West Europe,2010,10,3/8/2010,3/14/2010,,23,0,1,0,,0,1,0,0,0,0,1,,Sporadic
Luxembourg,European Region of WHO,South West Europe,2010,11,3/15/2010,3/21/2010,,10,0,1,0,,0,1,0,0,0,0,1,,Sporadic
Luxembourg,European Region of WHO,South West Europe,2010,12,3/22/2010,3/28/2010,,14,0,2,0,,0,2,0,0,0,0,2,,Sporadic
Luxembourg,European Region of WHO,South West Europe,2010,13,3/29/2010,4/4/2010,,6,0,0,0,,0,0,0,0,0,0,0,,No Activity
Luxembourg,European Region of WHO,South West Europe,2010,14,4/5/2010,4/11/2010,,,,,,,,,,,,,,,No Report
Luxembourg,European Region of WHO,South West Europe,2010,15,4/12/2010,4/18/2010,,8,0,2,0,,0,2,0,0,0,0,2,,Sporadic
Luxembourg,European Region of WHO,South West Europe,2010,16,4/19/2010,4/25/2010,,6,0,0,0,,0,0,0,0,0,0,0,,No Activity
Luxembourg,European Region of WHO,South West Europe,2010,17,4/26/2010,5/2/2010,,6,0,0,0,,0,0,0,0,1,1,1,,Sporadic
Luxembourg,European Region of WHO,South West Europe,2010,18,5/3/2010,5/9/2010,,6,0,0,0,,0,0,0,0,0,0,0,,No Activity
Luxembourg,European Region of WHO,South West Europe,2010,19,5/10/2010,5/16/2010,,3,0,1,0,,0,1,0,0,0,0,1,,Sporadic
Luxembourg,European Region of WHO,South West Europe,2010,20,5/17/2010,5/23/2010,,,,,,,,,,,,,,,No Report
Luxembourg,European Region of WHO,South West Europe,2010,21,5/24/2010,5/30/2010,,,,,,,,,,,,,,,No Report
Luxembourg,European Region of WHO,South West Europe,2010,22,5/31/2010,6/6/2010,,,,,,,,,,,,,,,No Report
Luxembourg,European Region of WHO,South West Europe,2010,23,6/7/2010,6/13/2010,,,,,,,,,,,,,,,No Report
Luxembourg,European Region of WHO,South West Europe,2010,24,6/14/2010,6/20/2010,,,,,,,,,,,,,,,No Report
Luxembourg,European Region of WHO,South West Europe,2010,25,6/21/2010,6/27/2010,,,,,,,,,,,,,,,No Report
Luxembourg,European Region of WHO,South West Europe,2010,26,6/28/2010,7/4/2010,,,,,,,,,,,,,,,No Report
Luxembourg,European Region of WHO,South West Europe,2010,27,7/5/2010,7/11/2010,,,,,,,,,,,,,,,No Report
Luxembourg,European Region of WHO,South West Europe,2010,28,7/12/2010,7/18/2010,,,,,,,,,,,,,,,No Report
Luxembourg,European Region of WHO,South West Europe,2010,29,7/19/2010,7/25/2010,,,,,,,,,,,,,,,No Report
Luxembourg,European Region of WHO,South West Europe,2010,30,7/26/2010,8/1/2010,,,,,,,,,,,,,,,No Report
Luxembourg,European Region of WHO,South West Europe,2010,31,8/2/2010,8/8/2010,,,,,,,,,,,,,,,No Report
Luxembourg,European Region of WHO,South West Europe,2010,32,8/9/2010,8/15/2010,,,,,,,,,,,,,,,No Report
Luxembourg,European Region of WHO,South West Europe,2010,33,8/16/2010,8/22/2010,,,,,,,,,,,,,,,No Report
Luxembourg,European Region of WHO,South West Europe,2010,34,8/23/2010,8/29/2010,,,,,,,,,,,,,,,No Report
Luxembourg,European Region of WHO,South West Europe,2010,35,8/30/2010,9/5/2010,,,,,,,,,,,,,,,No Report
Luxembourg,European Region of WHO,South West Europe,2010,36,9/6/2010,9/12/2010,,,,,,,,,,,,,,,No Report
Luxembourg,European Region of WHO,South West Europe,2010,37,9/13/2010,9/19/2010,,,,,,,,,,,,,,,No Report
Luxembourg,European Region of WHO,South West Europe,2010,38,9/20/2010,9/26/2010,,,,,,,,,,,,,,,No Report
Luxembourg,European Region of WHO,South West Europe,2010,39,9/27/2010,10/3/2010,,2,0,0,0,,0,0,0,0,0,0,0,,No Report
Luxembourg,European Region of WHO,South West Europe,2010,40,10/4/2010,10/10/2010,,1,0,0,0,,0,0,0,0,0,0,0,,No Activity
Luxembourg,European Region of WHO,South West Europe,2010,41,10/11/2010,10/17/2010,,6,0,0,0,,0,0,0,0,0,0,0,,No Activity
Luxembourg,European Region of WHO,South West Europe,2010,42,10/18/2010,10/24/2010,,3,0,0,0,,0,0,0,0,0,0,0,,No Activity
Luxembourg,European Region of WHO,South West Europe,2010,43,10/25/2010,10/31/2010,,4,0,0,0,,0,0,0,0,0,0,0,,No Activity
Luxembourg,European Region of WHO,South West Europe,2010,44,11/1/2010,11/7/2010,,1,0,0,0,,0,0,0,0,0,0,0,,No Activity
Luxembourg,European Region of WHO,South West Europe,2010,45,11/8/2010,11/14/2010,,1,0,0,0,,0,0,0,0,0,0,0,,No Activity
Luxembourg,European Region of WHO,South West Europe,2010,46,11/15/2010,11/21/2010,,4,0,0,0,,0,0,,,1,1,1,,Sporadic
Luxembourg,European Region of WHO,South West Europe,2010,47,11/22/2010,11/28/2010,,1,0,0,0,,0,0,0,0,0,0,0,,No Activity
Luxembourg,European Region of WHO,South West Europe,2010,48,11/29/2010,12/5/2010,,14,0,1,0,,0,1,0,0,0,0,1,,Sporadic
Luxembourg,European Region of WHO,South West Europe,2010,49,12/6/2010,12/12/2010,,8,0,1,0,,0,1,0,0,1,1,2,,Sporadic
Luxembourg,European Region of WHO,South West Europe,2010,50,12/13/2010,12/19/2010,,19,0,7,0,,0,7,0,0,1,1,8,,Local Outbreak
Luxembourg,European Region of WHO,South West Europe,2010,51,12/20/2010,12/26/2010,,15,0,3,0,,1,4,0,0,2,2,6,,No Report
Luxembourg,European Region of WHO,South West Europe,2010,52,12/27/2010,1/2/2011,,34,0,11,0,,4,15,0,0,3,3,18,,Regional Outbreak
Luxembourg,European Region of WHO,South West Europe,2011,1,1/3/2011,1/9/2011,,64,0,20,0,,4,24,0,0,10,10,34,,Widespread Outbreak
Luxembourg,European Region of WHO,South West Europe,2011,2,1/10/2011,1/16/2011,,90,0,56,0,,15,71,0,0,42,42,113,,Widespread Outbreak
Luxembourg,European Region of WHO,South West Europe,2011,3,1/17/2011,1/23/2011,,148,0,41,0,,6,47,0,0,44,44,91,,Widespread Outbreak
Luxembourg,European Region of WHO,South West Europe,2011,4,1/24/2011,1/30/2011,,162,0,30,0,,14,44,0,0,49,49,93,,Widespread Outbreak
Luxembourg,European Region of WHO,South West Europe,2011,5,1/31/2011,2/6/2011,,187,0,42,0,,9,51,0,0,61,61,112,,Widespread Outbreak
Luxembourg,European Region of WHO,South West Europe,2011,6,2/7/2011,2/13/2011,,154,0,26,0,,6,32,0,0,59,59,91,,Widespread Outbreak
Luxembourg,European Region of WHO,South West Europe,2011,7,2/14/2011,2/20/2011,,84,0,9,0,,6,15,0,0,28,28,43,,No Report
Luxembourg,European Region of WHO,South West Europe,2011,8,2/21/2011,2/27/2011,,45,0,3,0,,4,7,0,0,13,13,20,,No Report
Luxembourg,European Region of WHO,South West Europe,2011,9,2/28/2011,3/6/2011,,37,0,2,0,,4,6,0,0,16,16,22,,Regional Outbreak
Luxembourg,European Region of WHO,South West Europe,2011,10,3/7/2011,3/13/2011,,26,0,0,0,,2,2,0,0,6,6,8,,Sporadic
Luxembourg,European Region of WHO,South West Europe,2011,11,3/14/2011,3/20/2011,,17,0,0,0,,2,2,0,0,1,1,3,,Sporadic
Luxembourg,European Region of WHO,South West Europe,2011,12,3/21/2011,3/27/2011,,11,0,0,0,,0,0,0,0,1,1,1,,Sporadic
Luxembourg,European Region of WHO,South West Europe,2011,13,3/28/2011,4/3/2011,,7,0,0,0,,0,0,0,0,1,1,1,,Sporadic
Luxembourg,European Region of WHO,South West Europe,2011,14,4/4/2011,4/10/2011,,7,0,0,0,,0,0,0,0,0,0,0,,No Activity
Luxembourg,European Region of WHO,South West Europe,2011,15,4/11/2011,4/17/2011,,2,0,0,0,,0,0,0,0,0,0,0,,No Activity
Luxembourg,European Region of WHO,South West Europe,2011,16,4/18/2011,4/24/2011,,1,0,0,0,,0,0,0,0,0,0,0,,No Activity
Luxembourg,European Region of WHO,South West Europe,2011,17,4/25/2011,5/1/2011,,2,0,0,0,,0,0,0,0,0,0,0,,No Activity
Luxembourg,European Region of WHO,South West Europe,2011,18,5/2/2011,5/8/2011,,1,0,0,0,,0,0,0,0,0,0,0,,No Activity
Luxembourg,European Region of WHO,South West Europe,2011,19,5/9/2011,5/15/2011,,,,,,,,,,,,,,,No Report
Luxembourg,European Region of WHO,South West Europe,2011,20,5/16/2011,5/22/2011,,,,,,,,,,,,,,,No Report
Luxembourg,European Region of WHO,South West Europe,2011,21,5/23/2011,5/29/2011,,,,,,,,,,,,,,,No Report
Luxembourg,European Region of WHO,South West Europe,2011,22,5/30/2011,6/5/2011,,,,,,,,,,,,,,,No Report
Luxembourg,European Region of WHO,South West Europe,2011,23,6/6/2011,6/12/2011,,,,,,,,,,,,,,,No Report
Luxembourg,European Region of WHO,South West Europe,2011,24,6/13/2011,6/19/2011,,,,,,,,,,,,,,,No Report
Luxembourg,European Region of WHO,South West Europe,2011,25,6/20/2011,6/26/2011,,,,,,,,,,,,,,,No Report
Luxembourg,European Region of WHO,South West Europe,2011,26,6/27/2011,7/3/2011,,,,,,,,,,,,,,,No Report
Luxembourg,European Region of WHO,South West Europe,2011,27,7/4/2011,7/10/2011,,,,,,,,,,,,,,,No Report
Luxembourg,European Region of WHO,South West Europe,2011,28,7/11/2011,7/17/2011,,,,,,,,,,,,,,,No Report
Luxembourg,European Region of WHO,South West Europe,2011,29,7/18/2011,7/24/2011,,,,,,,,,,,,,,,No Report
Luxembourg,European Region of WHO,South West Europe,2011,30,7/25/2011,7/31/2011,,,,,,,,,,,,,,,No Report
Luxembourg,European Region of WHO,South West Europe,2011,31,8/1/2011,8/7/2011,,,,,,,,,,,,,,,No Report
Luxembourg,European Region of WHO,South West Europe,2011,32,8/8/2011,8/14/2011,,,,,,,,,,,,,,,No Report
Luxembourg,European Region of WHO,South West Europe,2011,33,8/15/2011,8/21/2011,,,,,,,,,,,,,,,No Report
Luxembourg,European Region of WHO,South West Europe,2011,34,8/22/2011,8/28/2011,,,,,,,,,,,,,,,No Report
Luxembourg,European Region of WHO,South West Europe,2011,35,8/29/2011,9/4/2011,,,,,,,,,,,,,,,No Report
Luxembourg,European Region of WHO,South West Europe,2011,36,9/5/2011,9/11/2011,,,,,,,,,,,,,,,No Report
Luxembourg,European Region of WHO,South West Europe,2011,37,9/12/2011,9/18/2011,,,,,,,,,,,,,,,No Report
Luxembourg,European Region of WHO,South West Europe,2011,38,9/19/2011,9/25/2011,,,,,,,,,,,,,,,No Report
Luxembourg,European Region of WHO,South West Europe,2011,39,9/26/2011,10/2/2011,,,,,,,,,,,,,,,No Report
Luxembourg,European Region of WHO,South West Europe,2011,40,10/3/2011,10/9/2011,,1,0,0,0,,0,0,0,0,0,0,0,,No Activity
Luxembourg,European Region of WHO,South West Europe,2011,41,10/10/2011,10/16/2011,,4,0,0,0,,0,0,0,0,0,0,0,,No Activity
Luxembourg,European Region of WHO,South West Europe,2011,42,10/17/2011,10/23/2011,,0,0,0,0,,0,0,0,0,0,0,0,,No Activity
Luxembourg,European Region of WHO,South West Europe,2011,43,10/24/2011,10/30/2011,,4,0,0,0,,0,0,0,0,0,0,0,,No Activity
Luxembourg,European Region of WHO,South West Europe,2011,44,10/31/2011,11/6/2011,,3,0,0,0,,0,0,0,0,0,0,0,,No Activity
Luxembourg,European Region of WHO,South West Europe,2011,45,11/7/2011,11/13/2011,,6,0,0,0,,0,0,0,0,0,0,0,,No Activity
Luxembourg,European Region of WHO,South West Europe,2011,46,11/14/2011,11/20/2011,,7,0,0,0,,0,0,0,0,0,0,0,,No Activity
Luxembourg,European Region of WHO,South West Europe,2011,47,11/21/2011,11/27/2011,,7,0,0,0,,0,0,0,0,0,0,0,,No Activity
Luxembourg,European Region of WHO,South West Europe,2011,48,11/28/2011,12/4/2011,,4,0,0,0,,0,0,0,0,0,0,0,,No Activity
Luxembourg,European Region of WHO,South West Europe,2011,49,12/5/2011,12/11/2011,,13,0,0,0,,0,0,0,0,0,0,0,,No Activity
Luxembourg,European Region of WHO,South West Europe,2011,50,12/12/2011,12/18/2011,,8,0,0,1,,0,1,0,0,0,0,1,,Sporadic
Luxembourg,European Region of WHO,South West Europe,2011,51,12/19/2011,12/25/2011,,13,0,0,0,,0,0,0,0,0,0,0,,No Activity
Luxembourg,European Region of WHO,South West Europe,2011,52,12/26/2011,1/1/2012,,2,0,0,0,,0,0,0,0,0,0,0,,No Activity
Luxembourg,European Region of WHO,South West Europe,2012,1,1/2/2012,1/8/2012,,12,0,0,1,,0,1,0,0,0,0,1,,Sporadic
Luxembourg,European Region of WHO,South West Europe,2012,2,1/9/2012,1/15/2012,,17,0,0,4,,0,4,0,0,0,0,4,,Sporadic
Luxembourg,European Region of WHO,South West Europe,2012,3,1/16/2012,1/22/2012,,11,0,0,0,,0,0,0,0,0,0,0,,No Activity
Luxembourg,European Region of WHO,South West Europe,2012,4,1/23/2012,1/29/2012,,16,0,0,0,,1,1,0,0,0,0,1,,Sporadic
Luxembourg,European Region of WHO,South West Europe,2012,5,1/30/2012,2/5/2012,,14,0,0,1,,2,3,0,0,0,0,3,,Sporadic
Luxembourg,European Region of WHO,South West Europe,2012,6,2/6/2012,2/12/2012,,53,0,26,9,,4,39,0,0,20,20,59,,Local Outbreak
Luxembourg,European Region of WHO,South West Europe,2012,7,2/13/2012,2/19/2012,,33,0,0,11,,4,15,0,0,0,0,15,,Regional Outbreak
Luxembourg,European Region of WHO,South West Europe,2012,8,2/20/2012,2/26/2012,,63,0,0,15,,7,22,0,0,2,2,24,,Widespread Outbreak
Luxembourg,European Region of WHO,South West Europe,2012,9,2/27/2012,3/4/2012,,35,0,1,15,,15,31,0,0,1,1,32,,Widespread Outbreak
Luxembourg,European Region of WHO,South West Europe,2012,10,3/5/2012,3/11/2012,,59,0,0,13,,11,24,0,0,0,0,24,,Widespread Outbreak
Luxembourg,European Region of WHO,South West Europe,2012,11,3/12/2012,3/18/2012,,75,0,0,28,,6,34,0,0,3,3,37,,Widespread Outbreak
Luxembourg,European Region of WHO,South West Europe,2012,12,3/19/2012,3/25/2012,,49,0,0,10,,11,21,0,0,0,0,21,,Regional Outbreak
Luxembourg,European Region of WHO,South West Europe,2012,13,3/26/2012,4/1/2012,,27,0,0,8,,1,9,0,0,0,0,9,,Sporadic
Luxembourg,European Region of WHO,South West Europe,2012,14,4/2/2012,4/8/2012,,19,0,0,3,,4,7,0,0,1,1,8,,Sporadic
Luxembourg,European Region of WHO,South West Europe,2012,15,4/9/2012,4/15/2012,,14,0,0,2,,3,5,0,0,1,1,6,,Local Outbreak
Luxembourg,European Region of WHO,South West Europe,2012,16,4/16/2012,4/22/2012,,6,0,0,0,,1,1,0,0,0,0,1,,Local Outbreak
Luxembourg,European Region of WHO,South West Europe,2012,17,4/23/2012,4/29/2012,,7,0,0,0,,0,0,0,0,1,1,1,,Local Outbreak
Luxembourg,European Region of WHO,South West Europe,2012,18,4/30/2012,5/6/2012,,1,0,0,0,,0,0,0,0,0,0,0,,No Activity
Luxembourg,European Region of WHO,South West Europe,2012,19,5/7/2012,5/13/2012,,4,0,0,0,,0,0,0,0,1,1,1,,Local Outbreak
Luxembourg,European Region of WHO,South West Europe,2012,20,5/14/2012,5/20/2012,,3,0,0,0,,0,0,0,0,0,0,0,,No Activity
Luxembourg,European Region of WHO,South West Europe,2012,21,5/21/2012,5/27/2012,,,,,,,,,,,,,,,No Report
Luxembourg,European Region of WHO,South West Europe,2012,22,5/28/2012,6/3/2012,,,,,,,,,,,,,,,No Report
Luxembourg,European Region of WHO,South West Europe,2012,23,6/4/2012,6/10/2012,,,,,,,,,,,,,,,No Report
Luxembourg,European Region of WHO,South West Europe,2012,24,6/11/2012,6/17/2012,,,,,,,,,,,,,,,No Report
Luxembourg,European Region of WHO,South West Europe,2012,25,6/18/2012,6/24/2012,,,,,,,,,,,,,,,No Report
Luxembourg,European Region of WHO,South West Europe,2012,26,6/25/2012,7/1/2012,,,,,,,,,,,,,,,No Report
Luxembourg,European Region of WHO,South West Europe,2012,27,7/2/2012,7/8/2012,,,,,,,,,,,,,,,No Report
Luxembourg,European Region of WHO,South West Europe,2012,28,7/9/2012,7/15/2012,,,,,,,,,,,,,,,No Report
Luxembourg,European Region of WHO,South West Europe,2012,29,7/16/2012,7/22/2012,,,,,,,,,,,,,,,No Report
Luxembourg,European Region of WHO,South West Europe,2012,30,7/23/2012,7/29/2012,,,,,,,,,,,,,,,No Report
Luxembourg,European Region of WHO,South West Europe,2012,31,7/30/2012,8/5/2012,,,,,,,,,,,,,,,No Report
Luxembourg,European Region of WHO,South West Europe,2012,32,8/6/2012,8/12/2012,,,,,,,,,,,,,,,No Report
Luxembourg,European Region of WHO,South West Europe,2012,33,8/13/2012,8/19/2012,,,,,,,,,,,,,,,No Report
Luxembourg,European Region of WHO,South West Europe,2012,34,8/20/2012,8/26/2012,,,,,,,,,,,,,,,No Report
Luxembourg,European Region of WHO,South West Europe,2012,35,8/27/2012,9/2/2012,,,,,,,,,,,,,,,No Report
Luxembourg,European Region of WHO,South West Europe,2012,36,9/3/2012,9/9/2012,,,,,,,,,,,,,,,No Report
Luxembourg,European Region of WHO,South West Europe,2012,37,9/10/2012,9/16/2012,,,,,,,,,,,,,,,No Report
Luxembourg,European Region of WHO,South West Europe,2012,38,9/17/2012,9/23/2012,,,,,,,,,,,,,,,No Report
Luxembourg,European Region of WHO,South West Europe,2012,39,9/24/2012,9/30/2012,,,,,,,,,,,,,,,No Report
Luxembourg,European Region of WHO,South West Europe,2012,40,10/1/2012,10/7/2012,,0,0,0,0,,0,0,0,0,0,0,0,,No Activity
Luxembourg,European Region of WHO,South West Europe,2012,41,10/8/2012,10/14/2012,,0,0,0,0,,0,0,0,0,0,0,0,,No Activity
Luxembourg,European Region of WHO,South West Europe,2012,42,10/15/2012,10/21/2012,,4,0,0,0,,0,0,0,0,0,0,0,,No Activity
Luxembourg,European Region of WHO,South West Europe,2012,43,10/22/2012,10/28/2012,,8,0,0,0,,0,0,0,0,0,0,0,,No Activity
Luxembourg,European Region of WHO,South West Europe,2012,44,10/29/2012,11/4/2012,,11,0,0,0,,0,0,0,0,0,0,0,,No Activity
Luxembourg,European Region of WHO,South West Europe,2012,45,11/5/2012,11/11/2012,,6,0,0,0,,0,0,0,0,0,0,0,,No Activity
Luxembourg,European Region of WHO,South West Europe,2012,46,11/12/2012,11/18/2012,,7,0,0,0,,0,0,0,0,1,1,1,,Sporadic
Luxembourg,European Region of WHO,South West Europe,2012,47,11/19/2012,11/25/2012,,17,0,0,0,,0,0,0,0,0,0,0,,No Activity
Luxembourg,European Region of WHO,South West Europe,2012,48,11/26/2012,12/2/2012,,12,0,0,0,,0,0,0,0,0,0,0,,No Activity
Luxembourg,European Region of WHO,South West Europe,2012,49,12/3/2012,12/9/2012,,18,0,0,0,,0,0,0,0,3,3,3,,Sporadic
Luxembourg,European Region of WHO,South West Europe,2012,50,12/10/2012,12/16/2012,,19,0,0,2,,0,2,0,0,6,6,8,,Sporadic
Luxembourg,European Region of WHO,South West Europe,2012,51,12/17/2012,12/23/2012,,34,0,0,3,,0,3,0,0,16,16,19,,Sporadic
Luxembourg,European Region of WHO,South West Europe,2012,52,12/24/2012,12/30/2012,,21,0,0,0,,0,0,0,0,6,6,6,,No Report
Luxembourg,European Region of WHO,South West Europe,2013,1,12/31/2012,1/6/2013,,22,0,4,0,,0,4,0,0,6,6,10,,Widespread Outbreak
Luxembourg,European Region of WHO,South West Europe,2013,2,1/7/2013,1/13/2013,,47,0,8,0,,2,10,0,0,11,11,21,,Widespread Outbreak
Luxembourg,European Region of WHO,South West Europe,2013,3,1/14/2013,1/20/2013,,52,0,10,1,,2,13,0,0,13,13,26,,Widespread Outbreak
Luxembourg,European Region of WHO,South West Europe,2013,4,1/21/2013,1/27/2013,,77,0,31,2,,4,37,0,0,12,12,49,,Widespread Outbreak
Luxembourg,European Region of WHO,South West Europe,2013,5,1/28/2013,2/3/2013,,127,0,34,4,,8,46,0,0,25,25,71,,Widespread Outbreak
Luxembourg,European Region of WHO,South West Europe,2013,6,2/4/2013,2/10/2013,,,,,,,,,,,,,,,No Report
Luxembourg,European Region of WHO,South West Europe,2013,7,2/11/2013,2/17/2013,,73,0,13,7,,0,20,0,0,10,10,30,,Widespread Outbreak
Luxembourg,European Region of WHO,South West Europe,2013,8,2/18/2013,2/24/2013,,85,0,22,5,,4,31,0,0,20,20,51,,Widespread Outbreak
Luxembourg,European Region of WHO,South West Europe,2013,9,2/25/2013,3/3/2013,,104,0,10,5,,7,22,0,0,25,25,47,,Widespread Outbreak
Luxembourg,European Region of WHO,South West Europe,2013,10,3/4/2013,3/10/2013,,52,0,6,4,,0,10,0,0,12,12,22,,Widespread Outbreak
Luxembourg,European Region of WHO,South West Europe,2013,11,3/11/2013,3/17/2013,,42,0,4,2,,4,10,0,0,8,8,18,,Widespread Outbreak
Luxembourg,European Region of WHO,South West Europe,2013,12,3/18/2013,3/24/2013,,38,0,2,2,,2,6,0,0,7,7,13,,Widespread Outbreak
Luxembourg,European Region of WHO,South West Europe,2013,13,3/25/2013,3/31/2013,,9,0,0,1,,0,1,0,0,0,0,1,,No Report
Luxembourg,European Region of WHO,South West Europe,2013,14,4/1/2013,4/7/2013,,10,0,0,0,,1,1,0,0,0,0,1,,Widespread Outbreak
Luxembourg,European Region of WHO,South West Europe,2013,15,4/8/2013,4/14/2013,,17,0,0,0,,1,1,0,0,4,4,5,,Sporadic
Luxembourg,European Region of WHO,South West Europe,2013,16,4/15/2013,4/21/2013,,4,0,0,0,,0,0,0,0,0,0,0,,No Activity
Luxembourg,European Region of WHO,South West Europe,2013,17,4/22/2013,4/28/2013,,8,0,0,0,,0,0,0,0,1,1,1,,No Activity
Luxembourg,European Region of WHO,South West Europe,2013,18,4/29/2013,5/5/2013,,3,0,0,0,,0,0,0,0,0,0,0,,No Activity
Luxembourg,European Region of WHO,South West Europe,2013,19,5/6/2013,5/12/2013,,2,0,0,0,,0,0,0,0,0,0,0,,No Activity
Luxembourg,European Region of WHO,South West Europe,2013,20,5/13/2013,5/19/2013,,3,0,0,0,,0,0,0,0,0,0,0,,No Activity
Luxembourg,European Region of WHO,South West Europe,2013,21,5/20/2013,5/26/2013,,,,,,,,,,,,,,,No Report
Luxembourg,European Region of WHO,South West Europe,2013,22,5/27/2013,6/2/2013,,,,,,,,,,,,,,,No Report
Luxembourg,European Region of WHO,South West Europe,2013,23,6/3/2013,6/9/2013,,,,,,,,,,,,,,,No Report
Luxembourg,European Region of WHO,South West Europe,2013,24,6/10/2013,6/16/2013,,,,,,,,,,,,,,,No Report
Luxembourg,European Region of WHO,South West Europe,2013,25,6/17/2013,6/23/2013,,,,,,,,,,,,,,,No Report
Luxembourg,European Region of WHO,South West Europe,2013,26,6/24/2013,6/30/2013,,,,,,,,,,,,,,,No Report
Luxembourg,European Region of WHO,South West Europe,2013,27,7/1/2013,7/7/2013,,,,,,,,,,,,,,,No Report
Luxembourg,European Region of WHO,South West Europe,2013,28,7/8/2013,7/14/2013,,,,,,,,,,,,,,,No Report
Luxembourg,European Region of WHO,South West Europe,2013,29,7/15/2013,7/21/2013,,,,,,,,,,,,,,,No Report
Luxembourg,European Region of WHO,South West Europe,2013,30,7/22/2013,7/28/2013,,,,,,,,,,,,,,,No Report
Luxembourg,European Region of WHO,South West Europe,2013,31,7/29/2013,8/4/2013,,,,,,,,,,,,,,,No Report
Luxembourg,European Region of WHO,South West Europe,2013,32,8/5/2013,8/11/2013,,,,,,,,,,,,,,,No Report
Luxembourg,European Region of WHO,South West Europe,2013,33,8/12/2013,8/18/2013,,,,,,,,,,,,,,,No Report
Luxembourg,European Region of WHO,South West Europe,2013,34,8/19/2013,8/25/2013,,,,,,,,,,,,,,,No Report
Luxembourg,European Region of WHO,South West Europe,2013,35,8/26/2013,9/1/2013,,,,,,,,,,,,,,,No Report
Luxembourg,European Region of WHO,South West Europe,2013,36,9/2/2013,9/8/2013,,,,,,,,,,,,,,,No Report
Luxembourg,European Region of WHO,South West Europe,2013,37,9/9/2013,9/15/2013,,,,,,,,,,,,,,,No Report
Luxembourg,European Region of WHO,South West Europe,2013,38,9/16/2013,9/22/2013,,,,,,,,,,,,,,,No Report
Luxembourg,European Region of WHO,South West Europe,2013,39,9/23/2013,9/29/2013,,,,,,,,,,,,,,,No Report
Luxembourg,European Region of WHO,South West Europe,2013,40,9/30/2013,10/6/2013,,1,0,0,0,,0,0,0,0,0,0,0,,No Activity
Luxembourg,European Region of WHO,South West Europe,2013,41,10/7/2013,10/13/2013,,4,0,0,0,,0,0,0,0,0,0,0,,No Activity
Luxembourg,European Region of WHO,South West Europe,2013,42,10/14/2013,10/20/2013,,4,0,0,0,,0,0,0,0,0,0,0,,No Activity
Luxembourg,European Region of WHO,South West Europe,2013,43,10/21/2013,10/27/2013,,3,0,0,0,,0,0,0,0,0,0,0,,Local Outbreak
Luxembourg,European Region of WHO,South West Europe,2013,44,10/28/2013,11/3/2013,,5,0,0,0,,0,0,0,0,0,0,0,,No Activity
Luxembourg,European Region of WHO,South West Europe,2013,45,11/4/2013,11/10/2013,,1,0,0,0,,0,0,0,0,0,0,0,,No Activity
Luxembourg,European Region of WHO,South West Europe,2013,46,11/11/2013,11/17/2013,,7,0,0,0,,0,0,0,0,0,0,0,,No Activity
Luxembourg,European Region of WHO,South West Europe,2013,47,11/18/2013,11/24/2013,,7,0,0,0,,0,0,0,0,0,0,0,,No Activity
Luxembourg,European Region of WHO,South West Europe,2013,48,11/25/2013,12/1/2013,,4,0,0,0,,0,0,0,0,0,0,0,,No Activity
Luxembourg,European Region of WHO,South West Europe,2013,49,12/2/2013,12/8/2013,,6,0,0,0,,0,0,0,0,0,0,0,,No Activity
Luxembourg,European Region of WHO,South West Europe,2013,50,12/9/2013,12/15/2013,,6,0,0,0,,0,0,0,0,0,0,0,,No Activity
Luxembourg,European Region of WHO,South West Europe,2013,51,12/16/2013,12/22/2013,,7,0,0,0,,0,0,0,0,0,0,0,,No Report
Luxembourg,European Region of WHO,South West Europe,2013,52,12/23/2013,12/29/2013,,3,0,0,0,,0,0,0,0,0,0,0,,No Activity
Luxembourg,European Region of WHO,South West Europe,2014,1,12/30/2013,1/5/2014,,3,0,0,0,,0,0,0,0,0,0,0,,No Activity
Luxembourg,European Region of WHO,South West Europe,2014,2,1/6/2014,1/12/2014,,7,0,1,0,,0,1,0,0,0,0,1,,Sporadic
Luxembourg,European Region of WHO,South West Europe,2014,3,1/13/2014,1/19/2014,,11,0,2,0,,0,2,0,0,0,0,2,,Sporadic
Luxembourg,European Region of WHO,South West Europe,2014,4,1/20/2014,1/26/2014,,26,0,8,4,,0,12,0,0,0,0,12,,Local Outbreak
Luxembourg,European Region of WHO,South West Europe,2014,5,1/27/2014,2/2/2014,,50,0,5,7,,5,17,0,0,0,0,17,,Regional Outbreak
Luxembourg,European Region of WHO,South West Europe,2014,6,2/3/2014,2/9/2014,,38,0,6,5,,1,12,0,0,0,0,12,,Regional Outbreak
Luxembourg,European Region of WHO,South West Europe,2014,7,2/10/2014,2/16/2014,,41,0,3,7,,0,10,0,0,0,0,10,,No Report
Luxembourg,European Region of WHO,South West Europe,2014,8,2/17/2014,2/23/2014,,28,0,3,7,,2,12,0,0,1,1,13,,Widespread Outbreak
Luxembourg,European Region of WHO,South West Europe,2014,9,2/24/2014,3/2/2014,,38,0,2,7,,1,10,0,0,0,0,10,,Regional Outbreak
Luxembourg,European Region of WHO,South West Europe,2014,10,3/3/2014,3/9/2014,,38,0,6,8,,2,16,0,0,0,0,16,,Widespread Outbreak
Luxembourg,European Region of WHO,South West Europe,2014,11,3/10/2014,3/16/2014,,42,0,2,12,,1,15,0,0,0,0,15,,Regional Outbreak
Luxembourg,European Region of WHO,South West Europe,2014,12,3/17/2014,3/23/2014,,34,0,1,7,,1,9,0,0,0,0,9,,Local Outbreak
Luxembourg,European Region of WHO,South West Europe,2014,13,3/24/2014,3/30/2014,,13,0,1,2,,0,3,0,0,0,0,3,,Sporadic
Luxembourg,European Region of WHO,South West Europe,2014,14,3/31/2014,4/6/2014,,11,0,0,4,,1,5,0,0,0,0,5,,Sporadic
Luxembourg,European Region of WHO,South West Europe,2014,15,4/7/2014,4/13/2014,,5,0,0,0,,1,1,0,0,0,0,1,,Sporadic
Luxembourg,European Region of WHO,South West Europe,2014,16,4/14/2014,4/20/2014,,3,0,0,0,,0,0,0,0,0,0,0,,No Activity
Luxembourg,European Region of WHO,South West Europe,2014,17,4/21/2014,4/27/2014,,6,0,0,1,,0,1,0,0,0,0,1,,Local Outbreak
Luxembourg,European Region of WHO,South West Europe,2014,18,4/28/2014,5/4/2014,,2,0,0,0,,0,0,0,0,0,0,0,,No Activity
Luxembourg,European Region of WHO,South West Europe,2014,19,5/5/2014,5/11/2014,,4,0,0,0,,0,0,0,0,0,0,0,,No Activity
Luxembourg,European Region of WHO,South West Europe,2014,20,5/12/2014,5/18/2014,,5,0,0,0,,0,0,0,0,0,0,0,,No Activity
Luxembourg,European Region of WHO,South West Europe,2014,21,5/19/2014,5/25/2014,,,,,,,,,,,,,,,No Report
Luxembourg,European Region of WHO,South West Europe,2014,22,5/26/2014,6/1/2014,,,,,,,,,,,,,,,No Report
Luxembourg,European Region of WHO,South West Europe,2014,23,6/2/2014,6/8/2014,,,,,,,,,,,,,,,No Report
Luxembourg,European Region of WHO,South West Europe,2014,24,6/9/2014,6/15/2014,,,,,,,,,,,,,,,No Report
Luxembourg,European Region of WHO,South West Europe,2014,25,6/16/2014,6/22/2014,,,,,,,,,,,,,,,No Report
Luxembourg,European Region of WHO,South West Europe,2014,26,6/23/2014,6/29/2014,,,,,,,,,,,,,,,No Report
Luxembourg,European Region of WHO,South West Europe,2014,27,6/30/2014,7/6/2014,,,,,,,,,,,,,,,No Report
Luxembourg,European Region of WHO,South West Europe,2014,28,7/7/2014,7/13/2014,,,,,,,,,,,,,,,No Report
Luxembourg,European Region of WHO,South West Europe,2014,29,7/14/2014,7/20/2014,,,,,,,,,,,,,,,No Report
Luxembourg,European Region of WHO,South West Europe,2014,30,7/21/2014,7/27/2014,,,,,,,,,,,,,,,No Report
Luxembourg,European Region of WHO,South West Europe,2014,31,7/28/2014,8/3/2014,,,,,,,,,,,,,,,No Report
Luxembourg,European Region of WHO,South West Europe,2014,32,8/4/2014,8/10/2014,,,,,,,,,,,,,,,No Report
Luxembourg,European Region of WHO,South West Europe,2014,33,8/11/2014,8/17/2014,,,,,,,,,,,,,,,No Report
Luxembourg,European Region of WHO,South West Europe,2014,34,8/18/2014,8/24/2014,,,,,,,,,,,,,,,No Report
Luxembourg,European Region of WHO,South West Europe,2014,35,8/25/2014,8/31/2014,,,,,,,,,,,,,,,No Report
Luxembourg,European Region of WHO,South West Europe,2014,36,9/1/2014,9/7/2014,,,,,,,,,,,,,,,No Report
Luxembourg,European Region of WHO,South West Europe,2014,37,9/8/2014,9/14/2014,,,,,,,,,,,,,,,No Report
Luxembourg,European Region of WHO,South West Europe,2014,38,9/15/2014,9/21/2014,,,,,,,,,,,,,,,No Report
Luxembourg,European Region of WHO,South West Europe,2014,39,9/22/2014,9/28/2014,,3,0,0,0,,0,0,0,0,0,0,0,,No Report
Luxembourg,European Region of WHO,South West Europe,2014,40,9/29/2014,10/5/2014,,3,0,0,0,,0,0,0,0,0,0,0,,No Report
Luxembourg,European Region of WHO,South West Europe,2014,41,10/6/2014,10/12/2014,,4,0,0,0,,0,0,0,0,0,0,0,,No Report
Luxembourg,European Region of WHO,South West Europe,2014,42,10/13/2014,10/19/2014,,8,0,0,0,,0,0,0,0,0,0,0,,No Report
Luxembourg,European Region of WHO,South West Europe,2014,43,10/20/2014,10/26/2014,,6,0,0,0,,0,0,0,0,0,0,0,,No Report
Luxembourg,European Region of WHO,South West Europe,2014,44,10/27/2014,11/2/2014,,7,0,0,0,,0,0,0,0,0,0,0,,No Report
Luxembourg,European Region of WHO,South West Europe,2014,45,11/3/2014,11/9/2014,,5,0,0,0,,0,0,0,0,0,0,0,,No Report
Luxembourg,European Region of WHO,South West Europe,2014,46,11/10/2014,11/16/2014,,5,0,0,0,,0,0,0,0,0,0,0,,No Report
Luxembourg,European Region of WHO,South West Europe,2014,47,11/17/2014,11/23/2014,,4,0,1,0,,0,1,0,0,0,0,1,,No Report
Luxembourg,European Region of WHO,South West Europe,2014,48,11/24/2014,11/30/2014,,5,0,0,0,,0,0,0,0,0,0,0,,No Report
Luxembourg,European Region of WHO,South West Europe,2014,49,12/1/2014,12/7/2014,,10,0,3,0,,0,3,0,0,1,1,4,,No Report
Luxembourg,European Region of WHO,South West Europe,2014,50,12/8/2014,12/14/2014,,17,0,1,1,,0,2,0,0,0,0,2,,No Report
Luxembourg,European Region of WHO,South West Europe,2014,51,12/15/2014,12/21/2014,,13,0,2,0,,0,2,0,0,1,1,3,,No Report
Luxembourg,European Region of WHO,South West Europe,2014,52,12/22/2014,12/28/2014,,6,0,0,2,,0,2,0,0,0,0,2,,No Report
Luxembourg,European Region of WHO,South West Europe,2015,1,12/29/2014,1/4/2015,,9,0,0,1,,0,1,0,0,0,0,1,,No Report
Luxembourg,European Region of WHO,South West Europe,2015,2,1/5/2015,1/11/2015,,21,0,2,3,,0,5,0,0,1,1,6,,No Report
Luxembourg,European Region of WHO,South West Europe,2015,3,1/12/2015,1/18/2015,,30,0,7,3,,1,11,0,0,2,2,13,,No Report
Luxembourg,European Region of WHO,South West Europe,2015,4,1/19/2015,1/25/2015,,58,0,11,19,,1,31,0,0,3,3,34,,No Report
Luxembourg,European Region of WHO,South West Europe,2015,5,1/26/2015,2/1/2015,,115,0,15,27,,6,48,0,0,7,7,55,,No Report
Luxembourg,European Region of WHO,South West Europe,2015,6,2/2/2015,2/8/2015,,135,0,12,42,,1,55,0,0,6,6,61,,No Report
Luxembourg,European Region of WHO,South West Europe,2015,7,2/9/2015,2/15/2015,,133,0,14,35,,9,58,0,0,11,11,69,,No Report
Luxembourg,European Region of WHO,South West Europe,2015,8,2/16/2015,2/22/2015,,100,0,11,18,,2,31,0,0,17,17,48,,No Report
Luxembourg,European Region of WHO,South West Europe,2015,9,2/23/2015,3/1/2015,,113,0,12,29,,2,43,0,0,23,23,66,,No Report
Luxembourg,European Region of WHO,South West Europe,2015,10,3/2/2015,3/8/2015,,67,0,4,11,,2,17,0,0,12,12,29,,No Report
Luxembourg,European Region of WHO,South West Europe,2015,11,3/9/2015,3/15/2015,,57,0,3,6,,2,11,0,0,16,16,27,,No Report
Luxembourg,European Region of WHO,South West Europe,2015,12,3/16/2015,3/22/2015,,53,0,1,7,,1,9,0,0,18,18,27,,No Report
Luxembourg,European Region of WHO,South West Europe,2015,13,3/23/2015,3/29/2015,,45,0,0,3,,0,3,0,0,15,15,18,,No Report
Luxembourg,European Region of WHO,South West Europe,2015,14,3/30/2015,4/5/2015,,46,0,2,5,,0,7,0,0,13,13,20,,No Report
Luxembourg,European Region of WHO,South West Europe,2015,15,4/6/2015,4/12/2015,,13,0,0,0,,1,1,0,0,4,4,5,,No Report
Luxembourg,European Region of WHO,South West Europe,2015,16,4/13/2015,4/19/2015,,9,0,0,0,,0,0,0,0,1,1,1,,No Report
Luxembourg,European Region of WHO,South West Europe,2015,17,4/20/2015,4/26/2015,,3,0,0,0,,0,0,0,0,0,0,0,,No Report
Luxembourg,European Region of WHO,South West Europe,2015,18,4/27/2015,5/3/2015,,4,0,0,0,,0,0,0,0,0,0,0,,No Report
Luxembourg,European Region of WHO,South West Europe,2015,19,5/4/2015,5/10/2015,,2,0,0,0,,0,0,0,0,0,0,0,,No Report
Luxembourg,European Region of WHO,South West Europe,2015,20,5/11/2015,5/17/2015,,4,0,0,0,,0,0,0,0,0,0,0,,No Report
Luxembourg,European Region of WHO,South West Europe,2015,21,5/18/2015,5/24/2015,,,,,,,,,,,,,,,No Report
Luxembourg,European Region of WHO,South West Europe,2015,22,5/25/2015,5/31/2015,,,,,,,,,,,,,,,No Report
Luxembourg,European Region of WHO,South West Europe,2015,23,6/1/2015,6/7/2015,,,,,,,,,,,,,,,No Report
Luxembourg,European Region of WHO,South West Europe,2015,24,6/8/2015,6/14/2015,,,,,,,,,,,,,,,No Report
Luxembourg,European Region of WHO,South West Europe,2015,25,6/15/2015,6/21/2015,,,,,,,,,,,,,,,No Report
Luxembourg,European Region of WHO,South West Europe,2015,26,6/22/2015,6/28/2015,,,,,,,,,,,,,,,No Report
Luxembourg,European Region of WHO,South West Europe,2015,27,6/29/2015,7/5/2015,,,,,,,,,,,,,,,No Report
Luxembourg,European Region of WHO,South West Europe,2015,28,7/6/2015,7/12/2015,,,,,,,,,,,,,,,No Report
Luxembourg,European Region of WHO,South West Europe,2015,29,7/13/2015,7/19/2015,,,,,,,,,,,,,,,No Report
Luxembourg,European Region of WHO,South West Europe,2015,30,7/20/2015,7/26/2015,,,,,,,,,,,,,,,No Report
Luxembourg,European Region of WHO,South West Europe,2015,31,7/27/2015,8/2/2015,,,,,,,,,,,,,,,No Report
Luxembourg,European Region of WHO,South West Europe,2015,32,8/3/2015,8/9/2015,,,,,,,,,,,,,,,No Report
Luxembourg,European Region of WHO,South West Europe,2015,33,8/10/2015,8/16/2015,,,,,,,,,,,,,,,No Report
Luxembourg,European Region of WHO,South West Europe,2015,34,8/17/2015,8/23/2015,,,,,,,,,,,,,,,No Report
Luxembourg,European Region of WHO,South West Europe,2015,35,8/24/2015,8/30/2015,,,,,,,,,,,,,,,No Report
Luxembourg,European Region of WHO,South West Europe,2015,36,8/31/2015,9/6/2015,,,,,,,,,,,,,,,No Report
Luxembourg,European Region of WHO,South West Europe,2015,37,9/7/2015,9/13/2015,,,,,,,,,,,,,,,No Report
Luxembourg,European Region of WHO,South West Europe,2015,38,9/14/2015,9/20/2015,,,,,,,,,,,,,,,No Report
Luxembourg,European Region of WHO,South West Europe,2015,39,9/21/2015,9/27/2015,,,,,,,,,,,,,,,No Report
Luxembourg,European Region of WHO,South West Europe,2015,40,9/28/2015,10/4/2015,,2,0,0,0,,0,0,0,0,0,0,0,,No Report
Luxembourg,European Region of WHO,South West Europe,2015,41,10/5/2015,10/11/2015,,2,0,0,0,,0,0,0,0,0,0,0,,No Report
Luxembourg,European Region of WHO,South West Europe,2015,42,10/12/2015,10/18/2015,,5,0,0,0,,0,0,0,0,0,0,0,,No Report
Luxembourg,European Region of WHO,South West Europe,2015,43,10/19/2015,10/25/2015,,5,0,0,0,,0,0,0,0,0,0,0,,No Report
Luxembourg,European Region of WHO,South West Europe,2015,44,10/26/2015,11/1/2015,,1,0,0,0,,0,0,0,0,0,0,0,,No Report
Luxembourg,European Region of WHO,South West Europe,2015,45,11/2/2015,11/8/2015,,4,0,0,0,,0,0,0,0,0,0,0,,No Report
Luxembourg,European Region of WHO,South West Europe,2015,46,11/9/2015,11/15/2015,,4,0,0,0,,0,0,0,0,0,0,0,,No Report
Luxembourg,European Region of WHO,South West Europe,2015,47,11/16/2015,11/22/2015,,5,0,0,0,,0,0,0,0,0,0,0,,No Report
Luxembourg,European Region of WHO,South West Europe,2015,48,11/23/2015,11/29/2015,,3,0,0,0,,0,0,0,0,1,1,1,,No Report
Luxembourg,European Region of WHO,South West Europe,2015,49,11/30/2015,12/6/2015,,12,0,0,0,,0,0,0,0,1,1,1,,No Report
Luxembourg,European Region of WHO,South West Europe,2015,50,12/7/2015,12/13/2015,,5,0,0,0,,0,0,0,0,0,0,0,,No Report
Luxembourg,European Region of WHO,South West Europe,2015,51,12/14/2015,12/20/2015,,18,0,0,1,,0,1,0,0,2,2,3,,No Report
Luxembourg,European Region of WHO,South West Europe,2015,52,12/21/2015,12/27/2015,,13,0,1,0,,0,1,0,0,0,0,1,,No Report
Luxembourg,European Region of WHO,South West Europe,2015,53,12/28/2015,1/3/2016,,4,0,0,0,,0,0,0,0,0,0,0,,No Report
Luxembourg,European Region of WHO,South West Europe,2016,1,1/4/2016,1/10/2016,,17,0,0,0,,0,0,0,0,4,4,4,,No Report
Luxembourg,European Region of WHO,South West Europe,2016,2,1/11/2016,1/17/2016,,19,0,1,0,,0,1,0,0,2,2,3,,No Report
Luxembourg,European Region of WHO,South West Europe,2016,3,1/18/2016,1/24/2016,,29,0,6,0,,0,6,0,0,2,2,8,,No Report
Luxembourg,European Region of WHO,South West Europe,2016,4,1/25/2016,1/31/2016,,47,0,5,0,,0,5,0,0,16,16,21,,No Report
Luxembourg,European Region of WHO,South West Europe,2016,5,2/1/2016,2/7/2016,,59,0,7,0,,0,7,0,0,22,22,29,,No Report
Luxembourg,European Region of WHO,South West Europe,2016,6,2/8/2016,2/14/2016,,54,0,7,0,,0,7,0,0,21,21,28,,No Report
Luxembourg,European Region of WHO,South West Europe,2016,7,2/15/2016,2/21/2016,,77,0,8,0,,0,8,0,0,23,23,31,,No Report
Luxembourg,European Region of WHO,South West Europe,2016,8,2/22/2016,2/28/2016,,63,0,9,0,,0,9,0,0,28,28,37,,No Report
Luxembourg,European Region of WHO,South West Europe,2016,9,2/29/2016,3/6/2016,,114,0,16,0,,0,16,0,0,33,33,49,,No Report
Luxembourg,European Region of WHO,South West Europe,2016,10,3/7/2016,3/13/2016,,104,0,12,0,,0,12,0,0,46,46,58,,No Report
Luxembourg,European Region of WHO,South West Europe,2016,11,3/14/2016,3/20/2016,,78,0,10,0,,0,10,0,0,34,34,44,,No Report
Luxembourg,European Region of WHO,South West Europe,2016,12,3/21/2016,3/27/2016,,92,0,15,0,,0,15,0,0,27,27,42,,No Report
Luxembourg,European Region of WHO,South West Europe,2016,13,3/28/2016,4/3/2016,,60,0,15,0,,0,15,0,0,17,17,32,,No Report
Luxembourg,European Region of WHO,South West Europe,2016,14,4/4/2016,4/10/2016,,47,0,7,1,,0,8,0,0,9,9,17,,No Report
Luxembourg,European Region of WHO,South West Europe,2016,15,4/11/2016,4/17/2016,,24,0,2,0,,0,2,0,0,4,4,6,,No Report
Luxembourg,European Region of WHO,South West Europe,2016,16,4/18/2016,4/24/2016,,22,0,2,0,,0,2,0,0,2,2,4,,No Report
Luxembourg,European Region of WHO,South West Europe,2016,17,4/25/2016,5/1/2016,,16,0,2,0,,0,2,0,0,0,0,2,,No Report
Luxembourg,European Region of WHO,South West Europe,2016,18,5/2/2016,5/8/2016,,5,0,0,0,,0,0,0,0,0,0,0,,No Report
Luxembourg,European Region of WHO,South West Europe,2016,19,5/9/2016,5/15/2016,,5,0,0,0,,0,0,0,0,0,0,0,,No Report
Luxembourg,European Region of WHO,South West Europe,2016,20,5/16/2016,5/22/2016,,,,,,,,,,,,,,,No Report
Luxembourg,European Region of WHO,South West Europe,2016,21,5/23/2016,5/29/2016,,,,,,,,,,,,,,,No Report
Luxembourg,European Region of WHO,South West Europe,2016,22,5/30/2016,6/5/2016,,,,,,,,,,,,,,,No Report
Luxembourg,European Region of WHO,South West Europe,2016,23,6/6/2016,6/12/2016,,,,,,,,,,,,,,,No Report
Luxembourg,European Region of WHO,South West Europe,2016,24,6/13/2016,6/19/2016,,,,,,,,,,,,,,,No Report
Luxembourg,European Region of WHO,South West Europe,2016,25,6/20/2016,6/26/2016,,,,,,,,,,,,,,,No Report
Luxembourg,European Region of WHO,South West Europe,2016,26,6/27/2016,7/3/2016,,,,,,,,,,,,,,,No Report
Luxembourg,European Region of WHO,South West Europe,2016,27,7/4/2016,7/10/2016,,,,,,,,,,,,,,,No Report
Luxembourg,European Region of WHO,South West Europe,2016,28,7/11/2016,7/17/2016,,,,,,,,,,,,,,,No Report
Luxembourg,European Region of WHO,South West Europe,2016,29,7/18/2016,7/24/2016,,,,,,,,,,,,,,,No Report
Luxembourg,European Region of WHO,South West Europe,2016,30,7/25/2016,7/31/2016,,,,,,,,,,,,,,,No Report
Luxembourg,European Region of WHO,South West Europe,2016,31,8/1/2016,8/7/2016,,,,,,,,,,,,,,,No Report
Luxembourg,European Region of WHO,South West Europe,2016,32,8/8/2016,8/14/2016,,,,,,,,,,,,,,,No Report
Luxembourg,European Region of WHO,South West Europe,2016,33,8/15/2016,8/21/2016,,,,,,,,,,,,,,,No Report
Luxembourg,European Region of WHO,South West Europe,2016,34,8/22/2016,8/28/2016,,,,,,,,,,,,,,,No Report
Luxembourg,European Region of WHO,South West Europe,2016,35,8/29/2016,9/4/2016,,,,,,,,,,,,,,,No Report
Luxembourg,European Region of WHO,South West Europe,2016,36,9/5/2016,9/11/2016,,,,,,,,,,,,,,,No Report
Luxembourg,European Region of WHO,South West Europe,2016,37,9/12/2016,9/18/2016,,,,,,,,,,,,,,,No Report
Luxembourg,European Region of WHO,South West Europe,2016,38,9/19/2016,9/25/2016,,,,,,,,,,,,,,,No Report
Luxembourg,European Region of WHO,South West Europe,2016,39,9/26/2016,10/2/2016,,,,,,,,,,,,,,,No Report
Luxembourg,European Region of WHO,South West Europe,2016,40,10/3/2016,10/9/2016,,1,0,0,0,,0,0,0,0,0,0,0,,No Report
Luxembourg,European Region of WHO,South West Europe,2016,41,10/10/2016,10/16/2016,,1,0,0,0,,0,0,0,0,0,0,0,,No Report
Luxembourg,European Region of WHO,South West Europe,2016,42,10/17/2016,10/23/2016,,2,0,0,0,,0,0,0,0,0,0,0,,No Report
Luxembourg,European Region of WHO,South West Europe,2016,43,10/24/2016,10/30/2016,,1,0,0,0,,0,0,0,0,0,0,0,,No Report
Luxembourg,European Region of WHO,South West Europe,2016,44,10/31/2016,11/6/2016,,5,0,0,0,,0,0,0,0,0,0,0,,No Report
Luxembourg,European Region of WHO,South West Europe,2016,45,11/7/2016,11/13/2016,,4,0,0,0,,0,0,0,0,0,0,0,,No Report
Luxembourg,European Region of WHO,South West Europe,2016,46,11/14/2016,11/20/2016,,7,0,0,1,,0,1,0,0,0,0,1,,No Report
Luxembourg,European Region of WHO,South West Europe,2016,47,11/21/2016,11/27/2016,,7,0,0,3,,0,3,0,0,1,1,4,,No Report
Luxembourg,European Region of WHO,South West Europe,2016,48,11/28/2016,12/4/2016,,14,0,0,0,,0,0,0,0,0,0,0,,No Report
Luxembourg,European Region of WHO,South West Europe,2016,49,12/5/2016,12/11/2016,,17,0,0,3,,6,9,0,0,0,0,9,,No Report
Luxembourg,European Region of WHO,South West Europe,2016,50,12/12/2016,12/18/2016,,,,,,,,,,,,,,,No Report
Luxembourg,European Region of WHO,South West Europe,2016,51,12/19/2016,12/25/2016,,49,0,0,26,,1,27,0,0,0,0,27,,No Report
Luxembourg,European Region of WHO,South West Europe,2016,52,12/26/2016,1/1/2017,,28,0,0,17,,2,19,0,0,1,1,20,,No Report
Luxembourg,European Region of WHO,South West Europe,2017,1,1/2/2017,1/8/2017,,52,0,0,19,,4,23,0,0,1,1,24,,No Report
Luxembourg,European Region of WHO,South West Europe,2017,2,1/9/2017,1/15/2017,,51,0,0,21,,4,25,0,0,1,1,26,,No Report
Luxembourg,European Region of WHO,South West Europe,2017,3,1/16/2017,1/22/2017,,64,0,0,29,,0,29,0,0,0,0,29,,No Report
Luxembourg,European Region of WHO,South West Europe,2017,4,1/23/2017,1/29/2017,,49,0,0,18,,0,18,0,0,0,0,18,,No Report
Luxembourg,European Region of WHO,South West Europe,2017,5,1/30/2017,2/5/2017,,70,0,0,23,,3,26,0,0,0,0,26,,No Report
Luxembourg,European Region of WHO,South West Europe,2017,6,2/6/2017,2/12/2017,,50,0,1,14,,2,17,0,0,0,0,17,,No Report
Luxembourg,European Region of WHO,South West Europe,2017,7,2/13/2017,2/19/2017,,36,0,0,9,,2,11,0,0,0,0,11,,No Report
Luxembourg,European Region of WHO,South West Europe,2017,8,2/20/2017,2/26/2017,,13,0,0,1,,0,1,0,0,0,0,1,,No Report
Luxembourg,European Region of WHO,South West Europe,2017,9,2/27/2017,3/5/2017,,14,0,0,1,,2,3,0,0,0,0,3,,No Report
Luxembourg,European Region of WHO,South West Europe,2017,10,3/6/2017,3/12/2017,,13,0,0,1,,0,1,0,0,0,0,1,,No Report
Luxembourg,European Region of WHO,South West Europe,2017,11,3/13/2017,3/19/2017,,,,,,,,,,,,,,,No Report
Luxembourg,European Region of WHO,South West Europe,2017,12,3/20/2017,3/26/2017,,,,,,,,,,,,,,,No Report
Luxembourg,European Region of WHO,South West Europe,2017,13,3/27/2017,4/2/2017,,,,,,,,,,,,,,,No Report
Luxembourg,European Region of WHO,South West Europe,2017,14,4/3/2017,4/9/2017,,,,,,,,,,,,,,,No Report
Luxembourg,European Region of WHO,South West Europe,2017,15,4/10/2017,4/16/2017,,,,,,,,,,,,,,,No Report
Luxembourg,European Region of WHO,South West Europe,2017,16,4/17/2017,4/23/2017,,,,,,,,,,,,,,,No Report
Luxembourg,European Region of WHO,South West Europe,2017,17,4/24/2017,4/30/2017,,,,,,,,,,,,,,,No Report
Luxembourg,European Region of WHO,South West Europe,2017,18,5/1/2017,5/7/2017,,,,,,,,,,,,,,,No Report
Luxembourg,European Region of WHO,South West Europe,2017,19,5/8/2017,5/14/2017,,,,,,,,,,,,,,,No Report
Luxembourg,European Region of WHO,South West Europe,2017,20,5/15/2017,5/21/2017,,,,,,,,,,,,,,,No Report
Luxembourg,European Region of WHO,South West Europe,2017,21,5/22/2017,5/28/2017,,,,,,,,,,,,,,,No Report
Luxembourg,European Region of WHO,South West Europe,2017,22,5/29/2017,6/4/2017,,,,,,,,,,,,,,,No Report
Luxembourg,European Region of WHO,South West Europe,2017,23,6/5/2017,6/11/2017,,,,,,,,,,,,,,,No Report
Luxembourg,European Region of WHO,South West Europe,2017,24,6/12/2017,6/18/2017,,,,,,,,,,,,,,,No Report
Luxembourg,European Region of WHO,South West Europe,2017,25,6/19/2017,6/25/2017,,,,,,,,,,,,,,,No Report
Luxembourg,European Region of WHO,South West Europe,2017,26,6/26/2017,7/2/2017,,,,,,,,,,,,,,,No Report
Luxembourg,European Region of WHO,South West Europe,2017,27,7/3/2017,7/9/2017,,,,,,,,,,,,,,,No Report
Luxembourg,European Region of WHO,South West Europe,2017,28,7/10/2017,7/16/2017,,,,,,,,,,,,,,,No Report
Luxembourg,European Region of WHO,South West Europe,2017,29,7/17/2017,7/23/2017,,,,,,,,,,,,,,,No Report
Luxembourg,European Region of WHO,South West Europe,2017,30,7/24/2017,7/30/2017,,,,,,,,,,,,,,,No Report
Luxembourg,European Region of WHO,South West Europe,2017,31,7/31/2017,8/6/2017,,,,,,,,,,,,,,,No Report
Luxembourg,European Region of WHO,South West Europe,2017,32,8/7/2017,8/13/2017,,,,,,,,,,,,,,,No Report
Luxembourg,European Region of WHO,South West Europe,2017,33,8/14/2017,8/20/2017,,,,,,,,,,,,,,,No Report
Luxembourg,European Region of WHO,South West Europe,2017,34,8/21/2017,8/27/2017,,,,,,,,,,,,,,,No Report
Luxembourg,European Region of WHO,South West Europe,2017,35,8/28/2017,9/3/2017,,,,,,,,,,,,,,,No Report
Luxembourg,European Region of WHO,South West Europe,2017,36,9/4/2017,9/10/2017,,,,,,,,,,,,,,,No Report
Luxembourg,European Region of WHO,South West Europe,2017,37,9/11/2017,9/17/2017,,,,,,,,,,,,,,,No Report
Luxembourg,European Region of WHO,South West Europe,2017,38,9/18/2017,9/24/2017,,,,,,,,,,,,,,,No Report
Luxembourg,European Region of WHO,South West Europe,2017,39,9/25/2017,10/1/2017,,,,,,,,,,,,,,,No Report
Luxembourg,European Region of WHO,South West Europe,2017,40,10/2/2017,10/8/2017,,3,0,0,0,,0,0,0,0,0,0,0,,No Report
Luxembourg,European Region of WHO,South West Europe,2017,41,10/9/2017,10/15/2017,,7,0,0,0,,0,0,0,0,0,0,0,,No Report
Luxembourg,European Region of WHO,South West Europe,2017,42,10/16/2017,10/22/2017,,3,0,0,0,,0,0,0,0,0,0,0,,No Report
Luxembourg,European Region of WHO,South West Europe,2017,43,10/23/2017,10/29/2017,,1,0,0,0,,0,0,0,0,0,0,0,,No Report
Luxembourg,European Region of WHO,South West Europe,2017,44,10/30/2017,11/5/2017,,0,0,0,0,,0,0,0,0,0,0,0,,No Report
Luxembourg,European Region of WHO,South West Europe,2017,45,11/6/2017,11/12/2017,,2,0,0,0,,0,0,0,0,0,0,0,,No Report
Luxembourg,European Region of WHO,South West Europe,2017,46,11/13/2017,11/19/2017,,1,0,0,0,,0,0,0,0,0,0,0,,No Report
Luxembourg,European Region of WHO,South West Europe,2017,47,11/20/2017,11/26/2017,,6,0,0,0,,0,0,0,0,0,0,0,,No Report
Luxembourg,European Region of WHO,South West Europe,2017,48,11/27/2017,12/3/2017,,3,0,0,0,,0,0,0,0,0,0,0,,No Report
Luxembourg,European Region of WHO,South West Europe,2017,49,12/4/2017,12/10/2017,,6,0,0,0,,0,0,0,0,0,0,0,,No Report
Luxembourg,European Region of WHO,South West Europe,2017,50,12/11/2017,12/17/2017,,7,0,0,0,,0,0,0,0,1,1,1,,No Report
Luxembourg,European Region of WHO,South West Europe,2017,51,12/18/2017,12/24/2017,,9,0,2,0,,0,2,0,0,0,0,2,,No Report
Luxembourg,European Region of WHO,South West Europe,2017,52,12/25/2017,12/31/2017,,11,0,6,0,,0,6,0,0,1,1,7,,No Report
Luxembourg,European Region of WHO,South West Europe,2018,1,1/1/2018,1/7/2018,,37,0,8,0,,0,8,0,0,9,9,17,,No Report
Luxembourg,European Region of WHO,South West Europe,2018,2,1/8/2018,1/14/2018,,58,0,20,4,,0,24,0,0,11,11,35,,No Report
Luxembourg,European Region of WHO,South West Europe,2018,3,1/15/2018,1/21/2018,,96,0,41,3,,0,44,0,0,26,26,70,,No Report
Luxembourg,European Region of WHO,South West Europe,2018,4,1/22/2018,1/28/2018,,148,0,45,6,,0,51,0,0,44,44,95,,No Report
Luxembourg,European Region of WHO,South West Europe,2018,5,1/29/2018,2/4/2018,,170,0,46,7,,0,53,0,0,43,43,96,,No Report
Luxembourg,European Region of WHO,South West Europe,2018,6,2/5/2018,2/11/2018,,171,0,50,2,,0,52,0,0,67,67,119,,No Report
Luxembourg,European Region of WHO,South West Europe,2018,7,2/12/2018,2/18/2018,,146,0,37,0,,0,37,0,0,49,49,86,,No Report
Luxembourg,European Region of WHO,South West Europe,2018,8,2/19/2018,2/25/2018,,221,0,32,3,,1,36,0,0,69,69,105,,No Report
Luxembourg,European Region of WHO,South West Europe,2018,9,2/26/2018,3/4/2018,,185,0,56,0,,0,56,0,0,59,59,115,,No Report
Luxembourg,European Region of WHO,South West Europe,2018,10,3/5/2018,3/11/2018,,236,0,57,7,,0,64,0,0,75,75,139,,No Report
Luxembourg,European Region of WHO,South West Europe,2018,11,3/12/2018,3/18/2018,,219,0,36,3,,0,39,0,0,40,40,79,,No Report
Luxembourg,European Region of WHO,South West Europe,2018,12,3/19/2018,3/25/2018,,97,0,10,4,,0,14,0,0,15,15,29,,No Report
Luxembourg,European Region of WHO,South West Europe,2018,13,3/26/2018,4/1/2018,,46,0,8,7,,0,15,0,0,9,9,24,,No Report
Luxembourg,European Region of WHO,South West Europe,2018,14,4/2/2018,4/8/2018,,19,0,2,1,,0,3,0,0,4,4,7,,No Report
Luxembourg,European Region of WHO,South West Europe,2018,15,4/9/2018,4/15/2018,,7,0,0,2,,0,2,0,0,0,0,2,,No Report
Luxembourg,European Region of WHO,South West Europe,2018,16,4/16/2018,4/22/2018,,7,0,1,1,,0,2,0,0,0,0,2,,No Report
Luxembourg,European Region of WHO,South West Europe,2018,17,4/23/2018,4/29/2018,,3,0,1,0,,0,1,0,0,0,0,1,,No Report
Luxembourg,European Region of WHO,South West Europe,2018,18,4/30/2018,5/6/2018,,4,0,0,0,,0,0,0,0,0,0,0,,No Report
Luxembourg,European Region of WHO,South West Europe,2018,19,5/7/2018,5/13/2018,,4,0,0,0,,0,0,0,0,0,0,0,,No Report
Luxembourg,European Region of WHO,South West Europe,2018,20,5/14/2018,5/20/2018,,0,0,0,0,,0,0,0,0,0,0,0,,No Report
Luxembourg,European Region of WHO,South West Europe,2018,21,5/21/2018,5/27/2018,,,,,,,,,,,,,,,No Report
Luxembourg,European Region of WHO,South West Europe,2018,22,5/28/2018,6/3/2018,,,,,,,,,,,,,,,No Report
Luxembourg,European Region of WHO,South West Europe,2018,23,6/4/2018,6/10/2018,,,,,,,,,,,,,,,No Report
Luxembourg,European Region of WHO,South West Europe,2018,24,6/11/2018,6/17/2018,,,,,,,,,,,,,,,No Report
Luxembourg,European Region of WHO,South West Europe,2018,25,6/18/2018,6/24/2018,,,,,,,,,,,,,,,No Report
Luxembourg,European Region of WHO,South West Europe,2018,26,6/25/2018,7/1/2018,,,,,,,,,,,,,,,No Report
Luxembourg,European Region of WHO,South West Europe,2018,27,7/2/2018,7/8/2018,,,,,,,,,,,,,,,No Report
Luxembourg,European Region of WHO,South West Europe,2018,28,7/9/2018,7/15/2018,,,,,,,,,,,,,,,No Report
Luxembourg,European Region of WHO,South West Europe,2018,29,7/16/2018,7/22/2018,,,,,,,,,,,,,,,No Report
Luxembourg,European Region of WHO,South West Europe,2018,30,7/23/2018,7/29/2018,,,,,,,,,,,,,,,No Report
Luxembourg,European Region of WHO,South West Europe,2018,31,7/30/2018,8/5/2018,,,,,,,,,,,,,,,No Report
Luxembourg,European Region of WHO,South West Europe,2018,32,8/6/2018,8/12/2018,,,,,,,,,,,,,,,No Report
Luxembourg,European Region of WHO,South West Europe,2018,33,8/13/2018,8/19/2018,,,,,,,,,,,,,,,No Report
Luxembourg,European Region of WHO,South West Europe,2018,34,8/20/2018,8/26/2018,,,,,,,,,,,,,,,No Report
Luxembourg,European Region of WHO,South West Europe,2018,35,8/27/2018,9/2/2018,,,,,,,,,,,,,,,No Report
Luxembourg,European Region of WHO,South West Europe,2018,36,9/3/2018,9/9/2018,,,,,,,,,,,,,,,No Report
Luxembourg,European Region of WHO,South West Europe,2018,37,9/10/2018,9/16/2018,,,,,,,,,,,,,,,No Report
Luxembourg,European Region of WHO,South West Europe,2018,38,9/17/2018,9/23/2018,,,,,,,,,,,,,,,No Report
Luxembourg,European Region of WHO,South West Europe,2018,39,9/24/2018,9/30/2018,,,,,,,,,,,,,,,No Report
Luxembourg,European Region of WHO,South West Europe,2018,40,10/1/2018,10/7/2018,,0,0,0,0,,0,0,0,0,0,0,0,,No Report
Luxembourg,European Region of WHO,South West Europe,2018,41,10/8/2018,10/14/2018,,0,0,0,0,,0,0,0,0,0,0,0,,No Report
Luxembourg,European Region of WHO,South West Europe,2018,42,10/15/2018,10/21/2018,,0,0,0,0,,0,0,0,0,0,0,0,,No Report
Luxembourg,European Region of WHO,South West Europe,2018,43,10/22/2018,10/28/2018,,0,0,0,0,,0,0,0,0,0,0,0,,No Report
Luxembourg,European Region of WHO,South West Europe,2018,44,10/29/2018,11/4/2018,,0,0,0,0,,0,0,0,0,0,0,0,,No Report
Luxembourg,European Region of WHO,South West Europe,2018,45,11/5/2018,11/11/2018,,3,0,0,0,,0,0,0,0,0,0,0,,No Report
Luxembourg,European Region of WHO,South West Europe,2018,46,11/12/2018,11/18/2018,,5,0,0,0,,0,0,0,0,0,0,0,,No Report
Luxembourg,European Region of WHO,South West Europe,2018,47,11/19/2018,11/25/2018,,10,0,0,1,,0,1,0,0,0,0,1,,No Report
Luxembourg,European Region of WHO,South West Europe,2018,48,11/26/2018,12/2/2018,,8,0,0,1,,0,1,0,0,0,0,1,,No Report
Luxembourg,European Region of WHO,South West Europe,2018,49,12/3/2018,12/9/2018,,10,0,0,3,,0,3,0,0,0,0,3,,No Report
Luxembourg,European Region of WHO,South West Europe,2018,50,12/10/2018,12/16/2018,,19,0,0,3,,0,3,0,0,0,0,3,,No Report
Luxembourg,European Region of WHO,South West Europe,2018,51,12/17/2018,12/23/2018,,32,0,0,8,,0,8,0,0,0,0,8,,No Report
Luxembourg,European Region of WHO,South West Europe,2018,52,12/24/2018,12/30/2018,,3,0,0,1,,0,1,0,0,0,0,1,,No Report
Luxembourg,European Region of WHO,South West Europe,2019,1,12/31/2018,1/6/2019,,2,0,0,0,,0,0,0,0,0,0,0,,No Report
Luxembourg,European Region of WHO,South West Europe,2019,2,1/7/2019,1/13/2019,,22,0,5,6,,0,11,0,0,1,1,12,,No Report
Luxembourg,European Region of WHO,South West Europe,2019,3,1/14/2019,1/20/2019,,34,0,6,8,,0,14,0,0,0,0,14,,No Report
Luxembourg,European Region of WHO,South West Europe,2019,4,1/21/2019,1/27/2019,,76,0,9,35,,0,44,0,0,0,0,44,,No Report
Luxembourg,European Region of WHO,South West Europe,2019,5,1/28/2019,2/3/2019,,82,0,7,30,,0,37,0,0,0,0,37,,No Report
Luxembourg,European Region of WHO,South West Europe,2019,6,2/4/2019,2/10/2019,,93,0,12,40,,0,52,0,0,0,0,52,,No Report
Luxembourg,European Region of WHO,South West Europe,2019,7,2/11/2019,2/17/2019,,103,0,9,52,,0,61,0,0,0,0,61,,No Report
Luxembourg,European Region of WHO,South West Europe,2019,8,2/18/2019,2/24/2019,,85,0,8,46,,0,54,0,0,0,0,54,,No Report
Luxembourg,European Region of WHO,South West Europe,2019,9,2/25/2019,3/3/2019,,48,0,5,17,,0,22,0,0,0,0,22,,No Report
Luxembourg,European Region of WHO,South West Europe,2019,10,3/4/2019,3/10/2019,,38,0,4,13,,0,17,0,0,0,0,17,,No Report
Luxembourg,European Region of WHO,South West Europe,2019,11,3/11/2019,3/17/2019,,44,0,2,15,,0,17,0,0,0,0,17,,No Report
Luxembourg,European Region of WHO,South West Europe,2019,12,3/18/2019,3/24/2019,,35,0,5,5,,0,10,0,0,0,0,10,,No Report
Luxembourg,European Region of WHO,South West Europe,2019,13,3/25/2019,3/31/2019,,30,0,1,6,,0,7,0,0,0,0,7,,No Report
Luxembourg,European Region of WHO,South West Europe,2019,14,4/1/2019,4/7/2019,,16,0,0,0,,0,0,0,0,0,0,0,,No Report
Luxembourg,European Region of WHO,South West Europe,2019,15,4/8/2019,4/14/2019,,5,0,0,0,,0,0,0,0,0,0,0,,No Report
Luxembourg,European Region of WHO,South West Europe,2019,16,4/15/2019,4/21/2019,,3,0,0,0,,0,0,0,0,0,0,0,,No Report
Luxembourg,European Region of WHO,South West Europe,2019,17,4/22/2019,4/28/2019,,0,0,0,0,,0,0,0,0,0,0,0,,No Report
Luxembourg,European Region of WHO,South West Europe,2019,18,4/29/2019,5/5/2019,,0,0,0,0,,0,0,0,0,0,0,0,,No Report
Luxembourg,European Region of WHO,South West Europe,2019,19,5/6/2019,5/12/2019,,0,0,0,0,,0,0,0,0,0,0,0,,No Report
Luxembourg,European Region of WHO,South West Europe,2019,20,5/13/2019,5/19/2019,,0,0,0,0,,0,0,0,0,0,0,0,,No Report
Luxembourg,European Region of WHO,South West Europe,2019,21,5/20/2019,5/26/2019,,,,,,,,,,,,,,,No Report
Luxembourg,European Region of WHO,South West Europe,2019,22,5/27/2019,6/2/2019,,,,,,,,,,,,,,,No Report
Luxembourg,European Region of WHO,South West Europe,2019,23,6/3/2019,6/9/2019,,,,,,,,,,,,,,,No Report
Luxembourg,European Region of WHO,South West Europe,2019,24,6/10/2019,6/16/2019,,,,,,,,,,,,,,,No Report
Luxembourg,European Region of WHO,South West Europe,2019,25,6/17/2019,6/23/2019,,,,,,,,,,,,,,,No Report
Luxembourg,European Region of WHO,South West Europe,2019,26,6/24/2019,6/30/2019,,,,,,,,,,,,,,,No Report
Luxembourg,European Region of WHO,South West Europe,2019,27,7/1/2019,7/7/2019,,,,,,,,,,,,,,,No Report
Luxembourg,European Region of WHO,South West Europe,2019,28,7/8/2019,7/14/2019,,,,,,,,,,,,,,,No Report
Luxembourg,European Region of WHO,South West Europe,2019,29,7/15/2019,7/21/2019,,,,,,,,,,,,,,,No Report
Luxembourg,European Region of WHO,South West Europe,2019,30,7/22/2019,7/28/2019,,,,,,,,,,,,,,,No Report
Luxembourg,European Region of WHO,South West Europe,2019,31,7/29/2019,8/4/2019,,,,,,,,,,,,,,,No Report
Luxembourg,European Region of WHO,South West Europe,2019,32,8/5/2019,8/11/2019,,,,,,,,,,,,,,,No Report
Luxembourg,European Region of WHO,South West Europe,2019,33,8/12/2019,8/18/2019,,,,,,,,,,,,,,,No Report
Luxembourg,European Region of WHO,South West Europe,2019,34,8/19/2019,8/25/2019,,,,,,,,,,,,,,,No Report
Luxembourg,European Region of WHO,South West Europe,2019,35,8/26/2019,9/1/2019,,,,,,,,,,,,,,,No Report
Luxembourg,European Region of WHO,South West Europe,2019,36,9/2/2019,9/8/2019,,,,,,,,,,,,,,,No Report
Luxembourg,European Region of WHO,South West Europe,2019,37,9/9/2019,9/15/2019,,,,,,,,,,,,,,,No Report
Luxembourg,European Region of WHO,South West Europe,2019,38,9/16/2019,9/22/2019,,,,,,,,,,,,,,,No Report
Luxembourg,European Region of WHO,South West Europe,2019,39,9/23/2019,9/29/2019,,,,,,,,,,,,,,,No Report
Luxembourg,European Region of WHO,South West Europe,2019,40,9/30/2019,10/6/2019,,1,0,0,0,,0,0,0,0,0,0,0,,No Report
Luxembourg,European Region of WHO,South West Europe,2019,41,10/7/2019,10/13/2019,,3,0,0,0,,0,0,0,0,0,0,0,,No Report
Luxembourg,European Region of WHO,South West Europe,2019,42,10/14/2019,10/20/2019,,13,0,0,0,,0,0,0,0,0,0,0,,No Report
Luxembourg,European Region of WHO,South West Europe,2019,43,10/21/2019,10/27/2019,,5,0,0,0,,0,0,0,0,0,0,0,,No Report
Luxembourg,European Region of WHO,South West Europe,2019,44,10/28/2019,11/3/2019,,2,0,0,0,,0,0,0,0,0,0,0,,No Report
Luxembourg,European Region of WHO,South West Europe,2019,45,11/4/2019,11/10/2019,,6,0,0,0,,0,0,0,0,0,0,0,,No Report
Luxembourg,European Region of WHO,South West Europe,2019,46,11/11/2019,11/17/2019,,7,0,0,0,,0,0,0,0,0,0,0,,No Report
Luxembourg,European Region of WHO,South West Europe,2019,47,11/18/2019,11/24/2019,,4,0,0,0,,0,0,0,0,0,0,0,,No Report
Luxembourg,European Region of WHO,South West Europe,2019,48,11/25/2019,12/1/2019,,5,0,0,0,,0,0,0,0,0,0,0,,No Report
Luxembourg,European Region of WHO,South West Europe,2019,49,12/2/2019,12/8/2019,,4,0,0,0,,0,0,0,0,0,0,0,,No Report
Luxembourg,European Region of WHO,South West Europe,2019,50,12/9/2019,12/15/2019,,,,,,,,,,,,,,,No Report
Luxembourg,European Region of WHO,South West Europe,2019,51,12/16/2019,12/22/2019,,21,0,2,2,,0,4,0,0,2,2,6,,No Report
Luxembourg,European Region of WHO,South West Europe,2019,52,12/23/2019,12/29/2019,,9,0,0,4,,0,4,0,0,0,0,4,,No Report
